{
  "projects": [
    "Civil & FOC Handover Plan ( PIP)",
    "Link Name",
    "Jeddah-Duba",
    "KAEC",
    "Duba FH OSP"
  ],
  "uom": "m",
  "teamsActiveToday": 7,
  "progress": [
    {
      "date": "2025-10-16",
      "average": 43
    },
    {
      "date": "2025-10-17",
      "average": 42
    },
    {
      "date": "2025-10-18",
      "average": 41
    },
    {
      "date": "2025-10-19",
      "average": 40
    },
    {
      "date": "2025-10-20",
      "average": 44
    },
    {
      "date": "2025-10-21",
      "average": 43
    },
    {
      "date": "2025-10-22",
      "average": 42
    },
    {
      "date": "2025-10-23",
      "average": 41
    },
    {
      "date": "2025-10-24",
      "average": 40
    },
    {
      "date": "2025-10-25",
      "average": 44
    },
    {
      "date": "2025-10-26",
      "average": 43
    },
    {
      "date": "2025-10-27",
      "average": 42
    },
    {
      "date": "2025-10-28",
      "average": 41
    },
    {
      "date": "2025-10-29",
      "average": 40
    }
  ],
  "quantity": [
    {
      "date": "2025-10-16",
      "total": 249
    },
    {
      "date": "2025-10-17",
      "total": 236
    },
    {
      "date": "2025-10-18",
      "total": 223
    },
    {
      "date": "2025-10-19",
      "total": 210
    },
    {
      "date": "2025-10-20",
      "total": 317
    },
    {
      "date": "2025-10-21",
      "total": 304
    },
    {
      "date": "2025-10-22",
      "total": 291
    },
    {
      "date": "2025-10-23",
      "total": 278
    },
    {
      "date": "2025-10-24",
      "total": 265
    },
    {
      "date": "2025-10-25",
      "total": 252
    },
    {
      "date": "2025-10-26",
      "total": 239
    },
    {
      "date": "2025-10-27",
      "total": 226
    },
    {
      "date": "2025-10-28",
      "total": 213
    },
    {
      "date": "2025-10-29",
      "total": 200
    }
  ]
}